iter	Logloss
0	0.532670299
1	0.4550028151
2	0.4144827464
3	0.3909364742
4	0.3822936978
5	0.3658397048
6	0.3589824489
7	0.349243276
8	0.3424044487
9	0.3371543194
